{
    "bohemian rhapsody.mid": [
        0.5852927195579726,
        0.48767144665054396,
        0.47157578492775953,
        0.5529674440047609,
        0.6676752706302648,
        0.5211917371499523,
        0.6469966392206303,
        0.7028246103516305,
        0.6454667325176122,
        0.6090077265182308,
        0.43155640967323894,
        0.5211917371499523,
        0.5342173039633602,
        0.6502560887623551,
        0.5158077023707843,
        0.6469966392206303,
        0.7028246103516305,
        0.7028246103516305,
        0.5342173039633603,
        0.6669088707315752,
        0.9630511913747756,
        0.6669088707315752,
        0.6937977029410337,
        0.3882865835590388,
        0.6035011071168882,
        0.6311312984041417,
        0.7028246103516305,
        0.6937977029410337,
        0.686243566496721,
        0.686243566496721,
        0.8557155775489095,
        0.7028246103516305,
        0.9704949588309457,
        0.4695558684900003,
        0.6647258571142536,
        0.686243566496721,
        0.6265571805547251,
        0.6311312984041417,
        0.5158077023707843,
        0.6265571805547251,
        0.4242934325953226,
        0.5601041462534664,
        0.9704949588309457,
        0.6937977029410337,
        0.7028246103516305,
        0.6905167628512113,
        0.3892249151930869,
        0.7364596943186587,
        0.610312927488934
    ],
    "x (44).mid": [
        0.7579214871574632,
        0.4667600280093366,
        0.28817526385684444,
        0.6449020216370241,
        0.4192187636816882,
        0.3734080224074693,
        0.5601120336112039,
        0.5437149461664322,
        0.6251436616499837,
        0.562440991821405,
        0.4322628957852668,
        0.3734080224074693,
        0.6230345439947552,
        0.42220033092074905,
        0.3239757976459313,
        0.5601120336112039,
        0.5437149461664322,
        0.5437149461664322,
        0.5113099925649137,
        0.4075413664867946,
        0.6113120497301919,
        0.4075413664867946,
        0.4780510353793994,
        0.38892223413129867,
        0.40887976538182924,
        0.34019714654514044,
        0.5437149461664322,
        0.4780510353793994,
        0.5940885257860047,
        0.5940885257860047,
        0.5617765604118757,
        0.5437149461664322,
        0.8401680504168059,
        0.4753493972715872,
        0.6071575997030697,
        0.5940885257860047,
        0.590604105551531,
        0.34019714654514044,
        0.6620374995373379,
        0.590604105551531,
        0.2592814894208657,
        0.5451730205091055,
        0.8401680504168059,
        0.4780510353793994,
        0.5437149461664322,
        0.5617765604118757,
        0.3634486803394037,
        0.5940885257860047,
        0.6113120497301919
    ],
    "x (45).mid": [
        0.5413539955388111,
        0.32732683535398865,
        0.16941973758701745,
        0.37115374447904514,
        0.24646089322152143,
        0.2195285199793806,
        0.363696483726654,
        0.3328751429678414,
        0.44412789767247085,
        0.37848905962255797,
        0.31810450514017585,
        0.2195285199793806,
        0.3585685828003181,
        0.24821377212056062,
        0.1778384267364519,
        0.363696483726654,
        0.3328751429678414,
        0.3328751429678414,
        0.3585685828003182,
        0.2395956906292509,
        0.4498677054212187,
        0.2395956906292509,
        0.2810486919773014,
        0.2862098876231265,
        0.24038254230606992,
        0.2000036731957724,
        0.3328751429678414,
        0.2810486919773014,
        0.3857583749052298,
        0.3857583749052298,
        0.35355339059327373,
        0.3328751429678414,
        0.5455447255899809,
        0.35355339059327373,
        0.3008967382970351,
        0.3857583749052298,
        0.4070955871077535,
        0.2000036731957724,
        0.1778384267364519,
        0.4070955871077535,
        0.15243293720267304,
        0.3893957789726339,
        0.5455447255899809,
        0.2810486919773014,
        0.3328751429678414,
        0.35355339059327373,
        0.24779731389167603,
        0.3857583749052298,
        0.4498677054212187
    ],
    "x (8).mid": [
        0.42291290582595065,
        0.44543540318737396,
        0.5,
        0.5050762722761054,
        0.7001400420140049,
        0.5144957554275265,
        0.5716619504750293,
        0.6659120918162917,
        0.5965830453920569,
        0.5367450401216933,
        0.41251432366269514,
        0.5144957554275265,
        0.4879500364742666,
        0.6722139969935248,
        0.5557189302262112,
        0.5716619504750293,
        0.6659120918162917,
        0.6659120918162917,
        0.4879500364742666,
        0.7071067811865475,
        0.5833833511969481,
        0.7071067811865475,
        0.6980848911221196,
        0.37115374447904514,
        0.612056372482123,
        0.7007374676476773,
        0.6659120918162917,
        0.6980848911221196,
        0.6063390625908324,
        0.6063390625908324,
        0.6351073488299557,
        0.6659120918162917,
        0.8574929257125441,
        0.4536323543632774,
        0.6398771166858558,
        0.6063390625908324,
        0.563621480190678,
        0.7007374676476773,
        0.5557189302262112,
        0.563621480190678,
        0.4498677054212187,
        0.520265981714472,
        0.8574929257125441,
        0.6980848911221196,
        0.6659120918162917,
        0.6351073488299557,
        0.346843987809648,
        0.6063390625908324,
        0.5833833511969481
    ],
    "x (9).mid": [
        0.25009650646952775,
        0.19720265943665383,
        0.30437979371753543,
        0.22360679774997894,
        0.4255404282611184,
        0.30988989340045603,
        0.3380617018914065,
        0.39848614629772094,
        0.24414321889016133,
        0.2931763649279746,
        0.1304484830218009,
        0.30988989340045603,
        0.2160246899469287,
        0.4077177531501004,
        0.33906634512224565,
        0.3380617018914065,
        0.39848614629772094,
        0.39848614629772094,
        0.2160246899469287,
        0.43045803238766345,
        0.18448201388042718,
        0.43045803238766345,
        0.4217019235375514,
        0.11736911946539275,
        0.3701757355472801,
        0.42932570094427047,
        0.39848614629772094,
        0.4217019235375514,
        0.358568582800318,
        0.358568582800318,
        0.3781893849440432,
        0.39848614629772094,
        0.5070925528371099,
        0.13041013273932522,
        0.38388594797495723,
        0.358568582800318,
        0.27420424855354086,
        0.42932570094427047,
        0.33906634512224565,
        0.5758289219624357,
        0.32602533184831306,
        0.20565318641515562,
        0.5070925528371099,
        0.4217019235375514,
        0.39848614629772094,
        0.3781893849440432,
        0.3564655231196031,
        0.358568582800318,
        0.18448201388042718
    ]
}