{
    "bohemian rhapsody.mid": [
        0.4522670168666454,
        0.8044264919334962,
        0.7181848464596079,
        0.5600464924742578,
        0.5773502691896258,
        0.9130020793705049,
        0.5776508941874458,
        0.4629100498862757,
        0.5846018755372742,
        0.6403729533481601,
        0.7546729424061791,
        0.606217782649107,
        0.6350006350009525,
        0.5850098009747078,
        0.8285098499285156,
        0.5751081237516715,
        0.8013876853447539,
        0.7639872188644489,
        0.7546729424061791,
        0.6771863474748655,
        0.5794829062159568,
        0.6835067426013202,
        0.6363636363636362,
        0.5179059769738342,
        0.5169539431229293,
        0.7797477386614932,
        0.5500190982169267,
        0.40768712416360575,
        0.5603155257282212,
        0.5112171874107659,
        0.55,
        0.4218307438660538,
        0.44074127735352664,
        0.6846994869458682,
        0.5760184328847832,
        0.6500237412568335,
        0.45392064950160194,
        0.7083376033211464,
        0.6000991981489789
    ],
    "x (44).mid": [
        0.0,
        0.2436503673704532,
        0.815803165447291,
        0.7258064516129032,
        0.1417366773784603,
        0.1417366773784603,
        0.1942246490168389,
        0.7482698938894858,
        0.5561084983989948,
        0.20173664619648224,
        0.7302507302510953,
        0.3443085637865754,
        0.0848555291627664,
        0.07565344158360032,
        0.8045091814525641,
        0.07204880221302934,
        0.7095104071972074,
        0.12026755886059104,
        0.5556255556258333,
        0.5837172315870184,
        0.46617323739845196,
        0.5905385953574926,
        0.3254818219536805,
        0.11180339887498947,
        0.2206243758231925,
        0.5390359656794853,
        0.08102546544402056,
        0.45790546988962544,
        0.3834537249653437,
        0.3668705402807886,
        0.36144869800612456,
        0.3850256897710609,
        0.828078671210825,
        0.15791904142730917,
        0.08485552916276629,
        0.5574519604163601,
        0.5464374431158983,
        0.9116131593614732,
        0.3563932224836186
    ]
}