{
    "bohemian rhapsody.mid": [
        0.7293249574894728,
        0.7540518405956612,
        0.7051171395023624,
        0.4723612442957269,
        0.3874194221130298,
        0.5235833329555938,
        0.45997890677637177,
        0.3849001794597505,
        0.5829121267656083,
        0.6745859221067118,
        0.5286784384345526,
        0.5058917507467712,
        0.5126322784957921,
        0.3684226275752157,
        0.8110189178736495,
        0.4981764785047156,
        0.6451295130873358,
        0.5693895291210663,
        0.6399732987232429,
        0.5844377491196157,
        0.44478574350314604,
        0.6457527773118991,
        0.5261353625024291,
        0.5021133232958694,
        0.4102580752546966,
        0.4599080275908032,
        0.35992802159280257,
        0.4348853820356281,
        0.8822665767598179,
        0.30386856273138196,
        0.4724045122202192,
        0.5177201831435471,
        0.4137283784938751,
        0.5926942292613088,
        0.5100293229805821,
        0.6010829247756457,
        0.4749914959966075,
        0.7467752126211928,
        0.366294837196504
    ],
    "x (44).mid": [
        0.40451991747794525,
        0.38021334311144017,
        0.5519160540320305,
        0.43886672938755356,
        0.15052356180127635,
        0.09883994709867805,
        0.19203072737476656,
        0.1198577533267986,
        0.30341364322535325,
        0.24016144275253304,
        0.4181818181818182,
        0.185216946644159,
        0.0560282952084864,
        0.08311429258190128,
        0.3907295134355129,
        0.0898933149950989,
        0.027143764258299674,
        0.3071344181333948,
        0.17882822232191642,
        0.41434774483670944,
        0.2181564290630409,
        0.543619709042729,
        0.1868567343468207,
        0.0712809798493399,
        0.16363636363636358,
        0.20717387241835472,
        0.15538040431376599,
        0.33616977125091885,
        0.1972188680964796,
        0.14287992527381865,
        0.32479917717646,
        0.09528612252064261,
        0.8187233019063334,
        0.11113016798649544,
        0.0199960011996001,
        0.3889555879527339,
        0.5086563575663422,
        0.47075192843908475,
        0.055565083993247666
    ]
}