{
    "bohemian rhapsody.mid": [
        0.5282365156112561,
        0.36156086207337235,
        0.24627045148779203,
        0.3092954696090593,
        0.3585326529390025,
        0.4170571322777138,
        0.11697479464733762,
        0.5268422192785396,
        0.5250482603301106,
        0.40040561283624176,
        0.06472695283783347,
        0.2645360014558559,
        0.32147983186609186,
        0.35916426326717965,
        0.44879312608218724,
        0.11697479464733762,
        0.5268422192785396,
        0.5037851559845732,
        0.40040561283624176,
        0.6183326676402378,
        0.48398289718311394,
        0.37764348401458714,
        0.31495391752399593,
        0.44879312608218724,
        0.2670052350640857,
        0.6411330372602674,
        0.5037851559845732,
        0.5744463507244226,
        0.42298897370666566,
        0.44343957363115993,
        0.32577967209070835,
        0.3614982616494139,
        0.6527746159626575,
        0.33219472274107686,
        0.16063746855748073,
        0.6096017562243123,
        0.23063098727978892,
        0.36549146296364754,
        0.33219472274107686,
        0.1596888439133739,
        0.3407125361446943,
        0.457016213607792,
        0.6527746159626575,
        0.31495391752399593,
        0.5268422192785396,
        0.37868970131859037,
        0.23672737602651395,
        0.42298897370666566,
        0.6183326676402378
    ],
    "x (44).mid": [
        0.3355746734870254,
        0.3096094122692017,
        0.0,
        0.3517443606762636,
        0.0,
        0.416840084575125,
        0.1001670844941267,
        0.43139798140728813,
        0.20909954974670097,
        0.4859777419258674,
        0.0,
        0.2968545188539071,
        0.34528978736392446,
        0.09024852563942798,
        0.3880570000581327,
        0.1001670844941267,
        0.43139798140728813,
        0.43139798140728813,
        0.4270713489651561,
        0.529486550942264,
        0.07214791053658232,
        0.36255939228975476,
        0.4273937576108645,
        0.3843075691322091,
        0.33879945870207095,
        0.5490108130460131,
        0.43139798140728813,
        0.4919061095497772,
        0.5394620704943807,
        0.34889028277774814,
        0.37848633622550554,
        0.4898544078776573,
        0.8208018204010384,
        0.2844627935584563,
        0.35965399945822507,
        0.5394620704943807,
        0.5982576192210923,
        0.3023076047309211,
        0.2844627935584563,
        0.09738412097417937,
        0.2844627935584563,
        0.17936813957902675,
        0.8208018204010384,
        0.4273937576108645,
        0.43139798140728813,
        0.500932106248847,
        0.09738412097417937,
        0.5394620704943807,
        0.5555492225977665
    ],
    "x (45).mid": [
        0.48663096872815315,
        0.3225851147140384,
        0.0,
        0.11908081884031663,
        0.0,
        0.3225851147140384,
        0.10436507793895289,
        0.4494778317613757,
        0.16456908459587039,
        0.35724245652094977,
        0.0,
        0.1459892906184459,
        0.23379132809659064,
        0.0940308331804024,
        0.4004138645700953,
        0.10436507793895289,
        0.4494778317613757,
        0.4494778317613757,
        0.35724245652094977,
        0.5516772843673704,
        0.07517162293691915,
        0.16123387813255552,
        0.21485765257419442,
        0.4004138645700953,
        0.16085767081103686,
        0.5720198065287075,
        0.4494778317613757,
        0.5125218500776051,
        0.3635122429502081,
        0.3635122429502081,
        0.0,
        0.2708833784678186,
        0.5799398730384597,
        0.29638460348919626,
        0.10146548066977612,
        0.3635122429502081,
        0.2057692944463797,
        0.11398113768244122,
        0.29638460348919626,
        0.10146548066977612,
        0.29638460348919626,
        0.10146548066977612,
        0.5799398730384597,
        0.21485765257419442,
        0.4494778317613757,
        0.29638460348919626,
        0.10146548066977612,
        0.3635122429502081,
        0.5516772843673704
    ],
    "x (8).mid": [
        0.3993431851069784,
        0.37210420376762543,
        0.04961771072947185,
        0.137360563948689,
        0.0,
        0.37210420376762543,
        0.12038585308576921,
        0.5184758473652126,
        0.40476405105914903,
        0.4809655649716529,
        0.0,
        0.49548135929939907,
        0.2696799449852969,
        0.10846522890932808,
        0.46188021535170054,
        0.12038585308576921,
        0.5184758473652126,
        0.5369611126034056,
        0.412081691846067,
        0.6363636363636364,
        0.3326859263938029,
        0.6977864602480811,
        0.6880144838356993,
        0.46188021535170054,
        0.5967517830871817,
        0.659828879073858,
        0.5369611126034056,
        0.5911975668985759,
        0.5924397557494022,
        0.5108985546879944,
        0.0,
        0.6549083006945438,
        0.8538456734483737,
        0.3418817293789138,
        0.11704114719613057,
        0.5924397557494022,
        0.23735633163877068,
        0.6928604202769424,
        0.3418817293789138,
        0.11704114719613057,
        0.3418817293789138,
        0.32086065591476265,
        0.8538456734483737,
        0.6880144838356993,
        0.5184758473652126,
        0.6230482881135658,
        0.11704114719613057,
        0.5924397557494022,
        0.6363636363636364
    ],
    "x (9).mid": [
        0.17391304347826086,
        0.19377536423957487,
        0.0,
        0.14306257785753318,
        0.0,
        0.19377536423957487,
        0.06269161244293497,
        0.2699992237533475,
        0.09885587665260742,
        0.21459386678629966,
        0.0,
        0.23188405797101452,
        0.24576536845703,
        0.05648388012396477,
        0.2405267289609052,
        0.06269161244293497,
        0.2699992237533475,
        0.2699992237533475,
        0.21459386678629966,
        0.33138995522391523,
        0.04515524105318425,
        0.3340408748810768,
        0.31994254608916184,
        0.2405267289609052,
        0.2818019670268652,
        0.3436096128012931,
        0.2699992237533475,
        0.30786946963615347,
        0.25239732869128884,
        0.21836009806485968,
        0.0,
        0.29335995424074,
        0.3579283995584944,
        0.1780368401283261,
        0.12189967594728435,
        0.25239732869128884,
        0.12360464932181925,
        0.3394565188565173,
        0.29672806688054354,
        0.060949837973642174,
        0.27438482430479083,
        0.060949837973642174,
        0.3579283995584944,
        0.31994254608916184,
        0.2699992237533475,
        0.27438482430479083,
        0.23976933297214997,
        0.25239732869128884,
        0.33138995522391523
    ]
}