{
    "bohemian rhapsody.mid": [
        0.39253087447208623,
        0.029592307591678524,
        0.08612053770593475,
        0.024625761678892633,
        0.029592307591678524,
        0.0,
        0.0,
        0.04174646709379759,
        0.039936153191543644,
        0.030623706220600733,
        0.030843233806544412,
        0.029592307591678524,
        0.044914004636357974,
        0.029592307591678524,
        0.0,
        0.0,
        0.04174646709379759,
        0.058445053931316604,
        0.031771056605855885,
        0.9525736434030828,
        0.9451224400517925,
        0.9525736434030828,
        0.028309052514964517,
        0.029592307591678524,
        0.029592307591678524,
        0.039936153191543644,
        0.058445053931316604,
        0.9525736434030828,
        0.028309052514964517,
        0.058445053931316604,
        0.05915432054308278,
        0.028309052514964517,
        0.8769942587733908,
        0.029592307591678524,
        0.049592535496582935,
        0.012465959866779452,
        0.049592535496582935,
        0.9525736434030828,
        0.06367057603011206,
        0.06366786919507716,
        0.0,
        0.04174646709379759,
        0.8769942587733908,
        0.028309052514964517,
        0.039936153191543644,
        0.0070101686144589115,
        0.0,
        0.9525736434030828,
        0.028309052514964517
    ],
    "x (44).mid": [
        0.23738245350443488,
        0.0,
        0.0,
        0.14810345974463512,
        0.0,
        0.11870324661973986,
        0.14846528521965263,
        0.01059462332161798,
        0.008758797429598175,
        0.0,
        0.0,
        0.0,
        0.14586499149789456,
        0.0,
        0.11870324661973986,
        0.1424438959436879,
        0.01059462332161798,
        0.00915583548876664,
        0.0,
        0.10135192974010987,
        0.10594623321618035,
        0.10135192974010987,
        0.0,
        0.0,
        0.0,
        0.008758797429598175,
        0.00915583548876664,
        0.10135192974010987,
        0.0,
        0.00915583548876664,
        0.00915583548876664,
        0.0,
        0.16517647694381477,
        0.0,
        0.11281040780428009,
        0.010135192974010998,
        0.11281040780428009,
        0.10135192974010987,
        0.09846656226177508,
        0.0,
        0.0,
        0.00915583548876664,
        0.16517647694381477,
        0.0,
        0.008758797429598175,
        0.1391290871656129,
        0.0,
        0.10135192974010987,
        0.0
    ],
    "x (45).mid": [
        0.0845585786160632,
        0.0,
        0.0,
        0.0,
        0.0,
        0.0,
        0.0,
        0.0,
        0.0,
        0.0,
        0.0,
        0.0,
        0.0,
        0.0,
        0.0,
        0.0,
        0.0,
        0.0,
        0.0,
        0.0,
        0.0,
        0.0,
        0.0,
        0.0,
        0.0,
        0.0,
        0.0,
        0.0,
        0.0,
        0.0,
        0.0,
        0.0,
        0.0,
        0.0,
        0.0,
        0.0,
        0.0,
        0.0,
        0.0,
        0.0,
        0.0,
        0.0,
        0.0,
        0.0,
        0.0,
        0.0,
        0.0,
        0.0,
        0.0
    ],
    "x (8).mid": [
        0.11396057645963797,
        0.0,
        0.07143743078630205,
        0.0,
        0.0,
        0.0,
        0.0,
        0.0,
        0.0,
        0.0,
        0.0,
        0.0,
        0.0,
        0.0,
        0.0,
        0.0,
        0.0,
        0.0,
        0.0,
        0.0,
        0.0057116752592777376,
        0.0054639914228515885,
        0.0,
        0.0,
        0.0,
        0.0,
        0.0,
        0.0,
        0.0,
        0.0,
        0.0,
        0.0,
        0.05216902181061456,
        0.0,
        0.0,
        0.0,
        0.0,
        0.0054639914228515885,
        0.0,
        0.0,
        0.0,
        0.0,
        0.05216902181061456,
        0.0,
        0.0,
        0.0,
        0.0,
        0.0054639914228515885,
        0.0
    ],
    "x (9).mid": [
        0.05474489014513584,
        0.0,
        0.0,
        0.1344858849341386,
        0.0,
        0.0,
        0.0,
        0.0,
        0.0,
        0.0,
        0.0,
        0.0,
        0.23547241903378557,
        0.0,
        0.0,
        0.0,
        0.0,
        0.0,
        0.0,
        0.0,
        0.0,
        0.0,
        0.0,
        0.0,
        0.0,
        0.0,
        0.0,
        0.0,
        0.0,
        0.0,
        0.0,
        0.0,
        0.0,
        0.0,
        0.12804737604964378,
        0.0,
        0.12804737604964378,
        0.0,
        0.32784737245015994,
        0.1238413833655152,
        0.12945593956343626,
        0.0,
        0.0,
        0.0,
        0.0,
        0.04594060847073522,
        0.12945593956343626,
        0.0,
        0.0
    ]
}