{
    "bohemian rhapsody.mid": [
        0.50709255283711,
        0.5043906599930245,
        0.9010718095497179,
        0.9139442639718568,
        0.36185473568626536,
        0.27252027613615204,
        0.6310877901688763,
        0.42379344841321,
        0.29180695999251016,
        0.5621549350889263,
        0.926049803311571,
        0.7618729746705272,
        0.6105491748148774,
        0.539275078288338,
        0.7752427049411401,
        0.6941056083938049,
        0.6696013837141432,
        0.6108333724567465,
        0.8510485060075466,
        0.9292427365828928,
        0.5572089983649914,
        0.5706103612971934,
        0.5720560642415782,
        0.5775506336826226,
        0.3858395786478207,
        0.9915311862094082,
        0.5312532024908597,
        0.541966502612574,
        0.7773343059015169,
        0.3566137589535945,
        0.673189067498315,
        0.4345240946267408,
        0.4064485096624695,
        0.5342244506353422,
        0.6437816003588991,
        0.5512572654369313,
        0.41604077399387507,
        0.6416889479197477,
        0.395972758011341
    ],
    "x (44).mid": [
        0.3592106040535499,
        0.4354553000860957,
        0.6751285962809842,
        0.6058846376880627,
        0.0,
        0.15394740173723565,
        0.0,
        0.5048934421078929,
        0.20526320231631412,
        0.1379766149454822,
        0.5246774396826565,
        0.02338261867724778,
        0.23758365480680466,
        0.0,
        0.8723404255319149,
        0.0,
        0.735090461893295,
        0.044554591935411336,
        0.6072843866271672,
        0.47780880023064176,
        0.18759161984421668,
        0.8632820478801029,
        0.16251869354636594,
        0.12888481555661668,
        0.2179617658634172,
        0.03440613584926577,
        0.0905125644402841,
        0.2657423679108717,
        0.6606282490521963,
        0.31265269974036114,
        0.17609018126512477,
        0.3451183851258305,
        0.7189966356788136,
        0.1872514715682846,
        0.09353047470899112,
        0.7012634122382534,
        0.30016680568428156,
        0.7889818763544606,
        0.09862273454430759
    ]
}