{
    "bohemian rhapsody.mid": [
        0.45537156151976166,
        0.1812963170709318,
        0.1839763032346728,
        0.17504444101031455,
        0.20753983838429746,
        0.18244304364192127,
        0.12629319454492893,
        0.26218212662865803,
        0.25204376687509567,
        0.2098267859191555,
        0.09942113994437085,
        0.16206814549146392,
        0.18745095634284178,
        0.20508486368615528,
        0.18956943687616445,
        0.12629319454492893,
        0.26218212662865803,
        0.26643701290767785,
        0.199296632767078,
        0.8261636835616454,
        0.8325268670330703,
        0.7659913876552327,
        0.19979356633113274,
        0.18819665360940974,
        0.17503185938856175,
        0.2789146459906143,
        0.26643701290767785,
        0.8192254291641103,
        0.22566920991015327,
        0.2488634607410881,
        0.24529484698086318,
        0.21278368847407675,
        0.8349644530793408,
        0.17123744551377637,
        0.16962376700445797,
        0.2628165499506539,
        0.18139684520110574,
        0.7575867465433828,
        0.1986221816589541,
        0.17210650957859852,
        0.14882214892547196,
        0.2233175555962465,
        0.8349644530793408,
        0.19979356633113274,
        0.26109593828730565,
        0.2024560409260046,
        0.11756558128559152,
        0.7877603836163148,
        0.26311553754237826
    ],
    "x (44).mid": [
        0.34001136354803674,
        0.1474163572687009,
        0.043226289578526665,
        0.2735334692614006,
        0.06288281455225322,
        0.23144317247674556,
        0.19813774729700384,
        0.19576351126975766,
        0.1513017151419317,
        0.20586058425467757,
        0.06483943436779001,
        0.13022483307459717,
        0.2672966233389311,
        0.08589218104796935,
        0.21683256763326678,
        0.194524913731425,
        0.19576351126975766,
        0.19490023857004685,
        0.18346433612602608,
        0.25431400055265113,
        0.17330152502338259,
        0.21258221088952378,
        0.17855609470962602,
        0.15441522740274707,
        0.1460318294827921,
        0.19353755370103323,
        0.19490023857004685,
        0.25549534053842016,
        0.22397879649149588,
        0.1818293508555977,
        0.18438156941141773,
        0.20402084389437916,
        0.4303315488290693,
        0.14241810798035215,
        0.24867338450258478,
        0.23005991227590245,
        0.30584126532057077,
        0.18741763100856726,
        0.2295012606772798,
        0.11293664607627449,
        0.11000792180274392,
        0.1321114892643825,
        0.4303315488290693,
        0.17855609470962602,
        0.19466201573454578,
        0.29297696292336084,
        0.07886333229445538,
        0.28478995433556176,
        0.23058411310897042
    ],
    "x (45).mid": [
        0.2535959886824979,
        0.12974530398160788,
        0.025412960638052616,
        0.08544326638193592,
        0.036969133983228215,
        0.11357555667541669,
        0.08064574204373631,
        0.16230072938552012,
        0.10776145579983822,
        0.14608397307362114,
        0.047715675771026374,
        0.06942660065151857,
        0.11223311944419537,
        0.06073977411318469,
        0.1267792301529916,
        0.08064574204373631,
        0.16230072938552012,
        0.16230072938552012,
        0.14309590155028518,
        0.17385867468623023,
        0.08627306154741259,
        0.07624782312752651,
        0.09587171694014382,
        0.1430349492859928,
        0.07627179904866971,
        0.17300550261154274,
        0.16230072938552012,
        0.17028776631599649,
        0.1487418169733365,
        0.1487418169733365,
        0.05303300858899106,
        0.11765211606213086,
        0.22681667709811207,
        0.1271291594612901,
        0.0705008809119993,
        0.1487418169733365,
        0.11250666167775794,
        0.05849583539997616,
        0.10077191488276685,
        0.08643070823360705,
        0.09696109145270002,
        0.08377573701333911,
        0.22681667709811207,
        0.09587171694014382,
        0.16230072938552012,
        0.1271291594612901,
        0.06253596725119542,
        0.1487418169733365,
        0.2053994769050254
    ],
    "x (8).mid": [
        0.23164907802641999,
        0.15984136142001243,
        0.1302668861541492,
        0.11010158182858806,
        0.10502100630210073,
        0.17020041425603533,
        0.1158457558426967,
        0.2295057756137469,
        0.1906784695735958,
        0.20075314726116722,
        0.061877148549404265,
        0.20104470313897874,
        0.1406124917174642,
        0.12794840677636074,
        0.1988278933718568,
        0.1158457558426967,
        0.2295057756137469,
        0.23412709192329517,
        0.17621292843265673,
        0.2651569262688912,
        0.17410598943355957,
        0.28379102709371334,
        0.27671635462724276,
        0.1711431155097819,
        0.24099640164411384,
        0.2700678399156161,
        0.23412709192329517,
        0.2525121253929619,
        0.2390607983259754,
        0.21867549806062345,
        0.09526610232449335,
        0.2636138889460797,
        0.3733867703053438,
        0.15351528549922006,
        0.125241854301911,
        0.2390607983259754,
        0.14388230493829438,
        0.28160412007009816,
        0.16882827187866012,
        0.11380350882763435,
        0.15295058815791124,
        0.15825506123586147,
        0.3733867703053438,
        0.27671635462724276,
        0.2295057756137469,
        0.2510281743528848,
        0.08128688497047984,
        0.24233919317968636,
        0.24659841177045128
    ],
    "x (9).mid": [
        0.11383967092707588,
        0.07802423997539179,
        0.045656969057630316,
        0.14999819508736328,
        0.06383106423916775,
        0.09492732506996213,
        0.06638215839444472,
        0.127272727882995,
        0.06133545199667605,
        0.0976249214357711,
        0.019567272453270133,
        0.10445449850282204,
        0.23512849702656816,
        0.07527863300350625,
        0.11099163400856316,
        0.06638215839444472,
        0.127272727882995,
        0.127272727882995,
        0.08605217018861422,
        0.14741619366412834,
        0.038961112345360135,
        0.14807892357841873,
        0.14324092505292318,
        0.07773705016003521,
        0.12597685208880832,
        0.15030125834196384,
        0.127272727882995,
        0.1402226559396711,
        0.11688461959286991,
        0.10837531193626262,
        0.05672840774160648,
        0.13311291050484314,
        0.16554598281519006,
        0.06407072994298031,
        0.16488623681285094,
        0.11688461959286991,
        0.14886022524327222,
        0.1492629848557699,
        0.3217503919585687,
        0.175916627807085,
        0.19517356959150642,
        0.046085437455683886,
        0.16554598281519006,
        0.14324092505292318,
        0.127272727882995,
        0.15288897890024533,
        0.1910857254490397,
        0.11688461959286991,
        0.11051979088804288
    ]
}