{
    "bohemian rhapsody.mid": [
        0.554426823604631,
        0.6118113299347544,
        0.8246500975743625,
        0.7504638433281845,
        0.40057023731846053,
        0.4313583108261654,
        0.5802950349235356,
        0.4199376213958049,
        0.4085024890174993,
        0.6019953845822578,
        0.8010004329565077,
        0.6745293898863751,
        0.5897376697630173,
        0.5034221740130128,
        0.7921768299223737,
        0.6272737032252125,
        0.683251361302033,
        0.6234454885839819,
        0.7838233696462655,
        0.8052330313508693,
        0.5324442708271748,
        0.6063304224964888,
        0.5702220246250995,
        0.549744607579616,
        0.4116113574708059,
        0.8268578794225696,
        0.49123679162525546,
        0.49505431570099223,
        0.7710145565900977,
        0.36661797416661707,
        0.6045145685540438,
        0.45341911414183933,
        0.4134123920239794,
        0.5714131507384127,
        0.6001790558932025,
        0.5785286516445952,
        0.4364604358207172,
        0.6779578124053187,
        0.41917224382827745
    ],
    "x (44).mid": [
        0.3166563418016162,
        0.3928740709350854,
        0.6654266460936917,
        0.5821184327016615,
        0.05889139205708813,
        0.13833892942377995,
        0.07714137919621747,
        0.4451409876798582,
        0.282427606955976,
        0.17308682658489488,
        0.5288895278927127,
        0.11198009243537473,
        0.16928559606061935,
        0.032126589383015366,
        0.7417630108959117,
        0.03328064908072913,
        0.554266779280133,
        0.12155649352368417,
        0.49242152090065444,
        0.4778298010856152,
        0.237020064782058,
        0.7424549452923679,
        0.1930476730075768,
        0.1119216441275534,
        0.20477980680062008,
        0.15329254446607093,
        0.10530645955921504,
        0.3121736840426965,
        0.5031997252002393,
        0.2783421822047896,
        0.24107120775410854,
        0.28864641517131806,
        0.7602906075654952,
        0.16382128115169098,
        0.07384561449970964,
        0.6016147383935895,
        0.3892297892695392,
        0.7278190818266685,
        0.12652389509743925
    ]
}